Company Id,Officer Name
0e0ff2be-efdb-11e6-8cec-2b641ddacdf6,Wile E. Coyote
10116c50-efdb-11e6-ab60-1f8bac52ccac,Homer Simpson
10116c50-efdb-11e6-ab60-1f8bac52ccac,Marge Simpson
10c0b7e6-efdb-11e6-81fb-93bf0349f6b2,John Doe
10c0b7e6-efdb-11e6-81fb-93bf0349f6b2,Jane Doe
10ede3c4-efdb-11e6-afcc-1f78246c7b30,Milton
10ede3c4-efdb-11e6-afcc-1f78246c7b30,John Bolton
11c787dc-efdb-11e6-8f81-dbbb08b5bb27,Richard Hendricks
11c787dc-efdb-11e6-8f81-dbbb08b5bb27,Erlich Bachman
11c787dc-efdb-11e6-8f81-dbbb08b5bb27,Big Head